cliente_codigo,cliente_nombre,cliente_razon_social,cliente_direccion,cliente_localidad,cliente_dpto,cliente_cel,cliente_tel,cliente_email,score,estacion_idx,estacion_nombre,estacion_marca,estacion_direccion,estacion_localidad,estacion_dpto,CONFIRMAR_LINK
10002354,Radial Mercedes ltda,Estación Ancap (Mercedes),Ruta 2 km 278,MERCEDES,SORIANO,091712608,4582-2981,radial@radialmercedes.com.uy,1.53,455,Radial Mercedes,ANCAP,"Ruta 2 Grito de Asencio Km 278,500",Mercedes,Soriano,
10001960,CASA AÑON S.A.,ESTACIÓN ANCAP,Rambla O'Hoggins 4897,MONTEVIDEO,MONTEVIDEO,,26190911,Casaanon@adinet.com.uy,1.4,43,ANCAP,ANCAP,Rambla O'Higgins 4897,Montevideo,Montevideo,
10001964,DIAMANTE S.A. (ESTACIÓN ANCAP),ESTACIÓN ANCAP 2,18 de Julio 1047,SAN CARLOS,MALDONADO,,42243640,varela@estaciones.com.uy,1.38,78,ANCAP,ANCAP,18 de Julio 1047,San Carlos,Maldonado,
10001948,ROMILDO PEREYRA,ESTACIÓN ANCAP,Av. José Batlle y Ordoñez 1805,SAN RAMÓN,CANELONES,,43122059,romildopereyra@adinet.com.uy,1.37,81,ANCAP,ANCAP,José Batlle y Ordóñez 1805,San Ramón,Canelones,
10002020,LARRAÑAGA S.R.L.,ESTACIÓN ANCAP,LUIS ALBERTO DE HERRERA 2803,MONTEVIDEO,MONTEVIDEO,097349875,097349875,atcliente@estacionlarra.com.uy,1.36,85,ANCAP,ANCAP,Avenida Luis Alberto de Herrera 2803,Montevideo,Montevideo,
10002429,Goobas SA,Estación Axion (Perimetral),Cesar Mayo Gutierrez 2686,MONTEVIDEO,MONTEVIDEO,099643872,099643872,ctascorrientesgrupoperimetral@gmail.com,1.35,266,Servicentro Perimetral,AXION,Ruta César Mayo Gutiérrez 2686,Montevideo,,
10002232,Sidney S.A,Estación Ancap,Av. Italia  6740,MONTEVIDEO,MONTEVIDEO,,2600-08-50,estacionitalia@adinet.com.uy,1.33,47,ANCAP,ANCAP,Avenida Italia 6740,Montevideo,Montevideo,
10002270,UDILER S.A,Udiler,Ruta Liber Seregni KM 53,LA FLORESTA,CANELONES,098283112 whatsapp,43738380,disalafloresta@vera.com.uy,1.31,214,Disa,DISA,Ruta Interbalnearia General Líber Seregni Km 53,La Floresta,Canelones,
10002347,DISA Misurol,DISA Misurol 1 (estacion Disa),Rbla. Dr. Baltasar Brum  2746,MONTEVIDEO,MONTEVIDEO,098405678,2208 8632/2200.99.20,proveedoresmisurol@disagrupo.uy,1.31,13,Disa,DISA,Rambla Doctor Baltasar Brum 2748,Montevideo,Montevideo,
10002077,BAT LTDA. (ESTACION DE SERVICIO),BAT LTDA. (ESTACION DE SERVICIO),BARTOLITO MITRE  2553,MONTEVIDEO,MONTEVIDEO,094467732,,pagos.batltda@gmail.com,1.29,115,Estacion San Jorge,ANCAP,Bartolito Mitre 2553,Montevideo,Montevideo,
10001930,LANCAM (Estación Ancap),Ancap (Garzon 1599),Av Eugenio Garzón  1599,MONTEVIDEO,MONTEVIDEO,099551183,23201837,estacionlancam@gmail.com,1.29,286,Estación San Antonio,AXION,Avenida General Eugenio Garzón 425,Montevideo,,
10002025,VIENTONOR S.A. (ESTACIÓN DISA),ESTACIÓN DISA (VIENTONOR),MILLAN  4110,MONTEVIDEO,MONTEVIDEO,,097405253,dsena@vientonor.com.uy,1.29,286,Estación San Antonio,AXION,Avenida General Eugenio Garzón 425,Montevideo,,
10001913,FRAMBUE SAS,ESTACIÓN AXION,Camino la redención 7000,MONTEVIDEO,MONTEVIDEO,099440297,23217000,axionlaredencion@gmail.com,1.28,286,Estación San Antonio,AXION,Avenida General Eugenio Garzón 425,Montevideo,,
10002345,Misurol 3,Misurol 3 (Estacion Disa Ciudad de la Costa),AV Giannattasio 8300,CIUDAD DE LA COSTA,CANELONES,098405678,2200.99.20,proveedoresmisurol@disagrupo.uy,1.27,189,Servicentro Ciudad de la Costa,AXION,Avenida Ingeniero Luis Giannattasio Km 20.200,Ciudad de la Costa,Canelones,
10002699,Disa Misurol 6,Disa Misurol 6 (Montevideo Pocitos),Ellauri  1287,MONTEVIDEO,MONTEVIDEO,091366576,,proveedoresmisurol@disagrupo.uy,1.24,452,Disa,DISA,José Ellauri 1287,Montevideo,Montevideo,
10001017,ESTACIÓN OLIMPIA SRL,ESTACIÓN OLIMPIA SRL,Av.Cesar Mayo Gutierrez 2164,MONTEVIDEO,MONTEVIDEO,099 177 411,2 320 91 13,administracion@estacionolimpia.com.uy,1.24,33,Estación Independencia,ANCAP,Avenida General Rivera 5259,Montevideo,Montevideo,
10002450,La Riviera Ltda,La Riviera Ltda (Estación Disa),Luis Alberto de Herrera 3477,MONTEVIDEO,MONTEVIDEO,092871778,22000876,disanuevocentro@gmail.com,1.24,105,Servicentro California,AXION,Avenida Luis Alberto de Herrera 4097,Montevideo,Montevideo,
10002151,SERVICENTRO SAYAGO S.A. (ESTACION ANCAP),SERVICENTRO SAYAGO S.A. (ESTACION ANCAP),AV. GARZON 1028 esq. ARIEL,MONTEVIDEO,MONTEVIDEO,,23599247,paoloancap@gmail.com,1.23,282,Servicentro Sayago,ANCAP,Avenida General Eugenio Garzón 1028,Montevideo,Montevideo,
10002630,Disa Tilcor S.A,Disa Tilcor S.A,Ellauri 1287,MONTEVIDEO,MONTEVIDEO,091366576,2900 4147,ms.cecilia.rivero@misurol.com.uy,1.23,452,Disa,DISA,José Ellauri 1287,Montevideo,Montevideo,
10002610,Chariton S.A (ESTACION ANCAP),Chariton S.A (ESTACION ANCAP),Mendoza 5895,MONTEVIDEO,MONTEVIDEO,099717606,222717606,charitonsa@hotmail.com,1.22,191,Chariton SA,OTRA,Avenida Don Pedro de Mendoza 5895,Montevideo,Montevideo,
10001926,INTYBEL LTDA,ESTACIÓN ANCAP (INSTRUCCIONES),Instrucciones 4196,MONTEVIDEO,MONTEVIDEO,,,,1.21,286,Estación San Antonio,AXION,Avenida General Eugenio Garzón 425,Montevideo,,
10001931,MARNE LTDA (ESTACION ANCAP),ESTACIÓN ANCAP (PROPIOS),AV JOSE BATTLE Y ORDOÑEZ  3855,MONTEVIDEO,MONTEVIDEO,,24817704,marneltda@adinet.com.uy,1.21,286,Estación San Antonio,AXION,Avenida General Eugenio Garzón 425,Montevideo,,
10002047,OCHO LTDA. (ESTACION ANCAP),OCHO LTDA. (ESTACION ANCAP),URUGUAYANA 3328,MONTEVIDEO,MONTEVIDEO,,23097325,ocho@montevideo.com.uy,1.21,16,ANCAP,ANCAP,Uruguayana 3328,Montevideo,Montevideo,
10002067,CYNEL S.A. (ESTACIÓN ANCAP),CYNEL S.A. - ESTACION ANCAP,Leandro Gómez 1395,PAYSANDÚ,PAYSANDÚ,097507202,47222001,cynelsa@adinet.com.uy,1.21,226,ANCAP,ANCAP,Leandro Gómez 1395,Paysandú,Paysandú,
10001944,Petro Sur Ltda (ESTACIÓN ANCAP),Estación Ancap RUTA 1,Brigadier Gral. Manuel Oribe km. 17.500,MONTEVIDEO,MONTEVIDEO,,23121066,petrosurancap@hotmail.com,1.2,286,Estación San Antonio,AXION,Avenida General Eugenio Garzón 425,Montevideo,,
10002508,Rostan Ltda (Estación Ancap),Rostan Ltda (Estación Ancap),18 de Julio 1949,FRAY BENTOS,RÍO NEGRO,099047281,45622617,valeria.rostanltda@gmail.com,1.2,167,ANCAP,ANCAP,18 de Julio 1949,Fray Bentos,Río Negro,
10001936,ESTACIÓN RONDEAU LTDA,ESTACIÓN ANCAP (RONDEAU),RONDEAU 2109,MONTEVIDEO,MONTEVIDEO,,94382472,administracion@ancaprondeau.com,1.18,115,Estacion San Jorge,ANCAP,Bartolito Mitre 2553,Montevideo,Montevideo,
10002591,Petro norte S.R.L (DISA ),Petro norte S.R.L (Entrega en Ruta3 km 90.500),INÉS DURÁN 1006,TRINIDAD,FLORES,091042169,43642463,cristina.petronorte@gmail.com,1.18,97,Disa,DISA,Inés Durán 1006,Trinidad,Flores,
10001942,Ergus Srl,Estación Ancap (Ergus),Rambla República De Argentina y Ejido,MONTEVIDEO,MONTEVIDEO,,,ergus.srl@gmail.com,1.17,437,ANCAP,ANCAP,Rambla República Argentina 1201,Montevideo,Montevideo,
10002236,Ferrari SRL,Ferrari SRL (Estación Disa),General Flores  5049,MONTEVIDEO,MONTEVIDEO,094408226,22156790,ferrarisrl@montevideo.com.uy,1.17,33,Estación Independencia,ANCAP,Avenida General Rivera 5259,Montevideo,Montevideo,
10002266,HDO S.A,HDO,Av. Batlle y Ordoñez 652 esq. Wilson. F. Aldunate,NUEVA HELVECIA,COLONIA,,45544250,hdo@adinet.com.uy,1.17,329,Disa,DISA,José Batlle y Ordóñez,Nueva Helvecia,Colonia,
10002078,ESTACION BUCEO LTDA.,ESTACION BUCEO LTDA.,RIVERA 3705 esq. SANTIAGO RIVAS,MONTEVIDEO,MONTEVIDEO,,26225624,estaciondeserviciobuceo@gmail.com,1.16,258,Estación Victoria,AXION,Avenida General San Martín 3904,Montevideo,Montevideo,
10002180,VIDAMAR LTDA,VIDAMAR LTDA (ESTACIÓN DISA),General flores  2856,MONTEVIDEO,MONTEVIDEO,099883490,22036511,disalacampana@gmail.com,1.16,33,Estación Independencia,ANCAP,Avenida General Rivera 5259,Montevideo,Montevideo,
10002258,CALMANY S.A,Estación de Servicio Ancap,Francisco Sastre S/N,VILLA DEL CARMEN,DURAZNO,099364400,098 546 100,cuentascorrientes@xiviller.com,1.16,340,ANCAP,ANCAP,Francisco Sastre 18,Carmen,Durazno,
10002132,ESTACIONES DE SERVICIO,ESTACIONES DE SERVICIO,CEIBAL 1587,MONTEVIDEO,MONTEVIDEO,,,,1.15,33,Estación Independencia,ANCAP,Avenida General Rivera 5259,Montevideo,Montevideo,
1001015,Pontinvrea S.R.L. (Estación Ancap),Pontinvrea S.R.L. (ANCAP),General Flores 3090,MONTEVIDEO,MONTEVIDEO,,22039192,estacionsanjuan@hotmail.com,1.15,64,ANCAP,ANCAP,Avenida General Flores 3090,Montevideo,Montevideo,
10001933,Alquimia 4 SAS (Estacion Ancap),Estación Ancap (Ruta 8),Ruta 8 y Ruta 102,MONTEVIDEO,MONTEVIDEO,,84117038,compras@alquimia4.com,1.14,286,Estación San Antonio,AXION,Avenida General Eugenio Garzón 425,Montevideo,,
10001935,CEGEMA LTDA,ESTACIÓN ANCAP (AGRACIADA),AGRACIADA 2434,MONTEVIDEO,MONTEVIDEO,,094382472,pbriozo@ancapagraciada.com,1.14,258,Estación Victoria,AXION,Avenida General San Martín 3904,Montevideo,Montevideo,
10001988,SIMANOR S.A. (ESTACIÓN DISA),SIMANOR S.A. (ESTACIÓN DISA),21 DE SETIEMBRE  2489,MONTEVIDEO,MONTEVIDEO,097103557,27106345,estacion21@yahoo.com,1.14,8,Disa,DISA,21 de Setiembre 2489,Montevideo,Montevideo,
10002033,DANDAL LTDA. (ESTACIÓN ANCAP),ESTACION ANCAP (DANDAL LTDA.),LUIS ALBERTO DE HERRERA 1356,MONTEVIDEO,MONTEVIDEO,,26285868,dandal@adinet.com.uy,1.13,444,ANCAP,ANCAP,Avenida Luis Alberto de Herrera 1356,Montevideo,Montevideo,
10002592,Besalco S.A (DISA),Besalco S.A (Entregar en Ruta 3 km 90.500),Luis A. de Herrera 600,SAN JOSÉ DE MAYO,SAN JOSÉ,091042169,4342 3326,besalcosj@gmail.com,1.13,360,Disa,DISA,Avenida Luis Alberto de Herrera 600,San José,San José,
10002418,Takel ltda (Estacion Ancap),Takel ltda (Estacion Ancap),Carlos Maria Ramirez 798,MONTEVIDEO,MONTEVIDEO,094263601,2309 3851,info@estacionesdeservicio.com.uy,1.12,115,Estacion San Jorge,ANCAP,Bartolito Mitre 2553,Montevideo,Montevideo,
10002413,Tio Pato SAS,Tio Pato SAS (ESTACION DISA),BR. BALLE Y ORDOÑEZ 933,NUEVA HELVECIA,COLONIA,099387645,45544191,,1.12,329,Disa,DISA,José Batlle y Ordóñez,Nueva Helvecia,Colonia,
10002068,CYNEL S.A. (ESTACIÓN ANCAP),CYNEL S.A. - ESTACION ANCAP,Ruta 3 km. 366.5,PAYSANDÚ,PAYSANDÚ,097507202,47222001,cynelsa@adinet.com.uy,1.11,377,ANCAP,ANCAP,Ruta 90 Km 6.5,Paysandú,Paysandú,
10002126,TAFIBEL S.A. (ESTACION ANCAP),TAFIBEL S.A. (ESTACION ANCAP),BRIGADIER GRAL. FRUCTUOSO RIVERA  esq. KM. 19.700,LA PAZ,CANELONES,,23623142,ballettogonzalo@gmail.com,1.1,18,ANCAP,ANCAP,Ruta 5 Brigadier General Fructuoso Rivera Km 19.700,La Paz,Canelones,
10002419,Petrovolpe S.R.L (Estacion Ancap),Petrovolpe S.R.L (Estacion Ancap),Charruas 1113,PAYSANDÚ,PAYSANDÚ,098113241,47234330,petrovolpesrl@adinet.com.uy,1.1,376,ANCAP,ANCAP,Charrúa 1113,Paysandú,Paysandú,
10002053,RAISAN LTDA. (Estación Ancap),RAISAN LTDA. (Estación Ancap),CARLOS MARIA RAMIREZ 1695,MONTEVIDEO,MONTEVIDEO,,23111386,mns.raisan@gmail.com,1.09,14,ANCAP,ANCAP,Avenida Carlos María Ramírez 1695,Montevideo,Montevideo,
10002032,VERDERA E HIJOS S.R.L. (ESTACION ANCAP),ESTACION ANCAP (VERDERA E HIJOS),MILLAN 3771,MONTEVIDEO,MONTEVIDEO,,23362197,ancap.verdera@gmail.com,1.09,115,Estacion San Jorge,ANCAP,Bartolito Mitre 2553,Montevideo,Montevideo,
10002174,AGROMOTORA FLORES S.A. (ESTACION AXION)(INTERIOR),AGROMOTORA FLORES S.A. (ESTACION AXION)(INTERIOR),FRANCISCO FONDAR 887,TRINIDAD,FLORES,,43642528,agromflo@adinet.com.uy,1.09,137,Axion,AXION,Francisco Fondar 887,Trinidad,Flores,
10002629,Misurol S.A WTC (Local de venta Disa),Misurol S.A WTC (Local de venta Disa),Luis Alberto de Herrera  1248,MONTEVIDEO,MONTEVIDEO,091366576,,,1.09,105,Servicentro California,AXION,Avenida Luis Alberto de Herrera 4097,Montevideo,Montevideo,
10002400,Derin S.A (Estacion Disa),Derin S.A (Estacion Disa),Av. Garzon 1896,MONTEVIDEO,MONTEVIDEO,098505023,23238040,derindisacolon@gmail.com,1.09,435,Servicentro La Gaceta,AXION,26 de Marzo 3181,Montevideo,Montevideo,
10001991,Mar y Sierra S.R.L.,Mar y Sierra S.R.L. (ESTACIÓN ANCAP),Batlle y Ordóñez  595,PAN DE AZÚCAR,MALDONADO,099114600,44346029,minchenator@gmail.com,1.08,163,ANCAP,ANCAP,José Batlle y Ordóñez 595,Pan de Azúcar,Maldonado,
10002272,Alberto Garcia Otheguy,Alberto Garcia Otheguy (ESTACIÓN DE SERVICIO),Av. Artigas  1347,ECILDA PAULLIER,SAN JOSÉ,098830024,43492203,disaecilda@hotmail.com,1.08,410,Servicentro Marti,AXION,Avenida General Artigas 1666,Ecilda Paullier,,
10002595,Ofelia Raquel Paggi Chappuis SAS,Estación ANCAP (Ofelia Raquel Paggi Chappuis),Ruta 90  km. 6.5,PAYSANDÚ,PAYSANDÚ,091368375,47229527,ancappaggi@gmail.com,1.08,377,ANCAP,ANCAP,Ruta 90 Km 6.5,Paysandú,Paysandú,
10002433,MALCAR S.R.L(ESTACION ANCAP),MALCAR S.R.L(ESTACION ANCAP),AV. libertador Brig. Gral Lavalleja 1572,MONTEVIDEO,MONTEVIDEO,094366150,29002032,malcarsrl@adinet.com.uy,1.08,33,Estación Independencia,ANCAP,Avenida General Rivera 5259,Montevideo,Montevideo,
10002492,Marimar SA (Estacion Ancap Treinta y Tres),Marimar SA (Estación Ancap Treinta y Tres),Manuel Melendez  497,TREINTA Y TRES,TREINTA Y TRES,,44522810,dmartinez.tt@marimar.com.uy,1.07,202,ANCAP,ANCAP,Manuel Meléndez 497,Treinta y Tres,Treinta y Tres,
10002152,ESTACIÓN SAN LUIS LTDA,ESTACIÓN SAN LUIS (ANCAP),Ruta Interbalnearia KM 63.500,CANELONES,CANELONES,,,ancapsanluis@gmail.com,1.06,286,Estación San Antonio,AXION,Avenida General Eugenio Garzón 425,Montevideo,,
10002274,INSUPERABLE,Insuperable (ESTACIÓN ANCAP),Ruta 5   esq. General Galarza,DURAZNO,DURAZNO,099465893,43623663,servicios@elposto.com.uy,1.06,365,Disa,DISA,Ruta 5 Brigadier General Fructuoso Rivera,Durazno,,
10002362,Lesi SRL,Lesi SRL (NEXUR ESTACIÓN AXION),Jose Belloni 4350,MONTEVIDEO,MONTEVIDEO,,22883992,marceabl@hotmail.com,1.06,249,Axion,AXION,Avenida José Belloni 4350,Montevideo,Montevideo,
10002324,SAC LTDA (ESTACION ANCAP),SAC LTDA (ESTACION ANCAP),Rambla de los Argentinos s/n  esq. Avenida Artigas,PIRIÁPOLIS,MALDONADO,099276657,44322240,piriapolisancap@gmail.com,1.06,165,ANCAP,ANCAP,Rambla de Los Argentinos,Piriápolis,Maldonado,
10002265,RIMAN LTDA,Riman ( ESTACIÓN UBESUR),Av. Artigas y Ruta 1,VALDENSE,COLONIA,094203940,29242076,marianellaaguirre@ubesur.com,1.05,185,ANCAP,ANCAP,Avenida General Artigas 1084,Colonia Valdense,Colonia,
10002632,VIA SEGURA SRL (DISA),VIA SEGURA SRL (DISA),Ruta 21 km 318,DOLORES,SORIANO,095724542,4534 2483,info@viasegura.com.uy,1.05,474,Disa,DISA,Ruta 21,Dolores,Soriano,
10002395,Sicol ltda,Sicol ltda,Exodo y Zorrilla de San Martin,OMBÚES DE LAVALLE,COLONIA,091669229,45762047,proveedoresombues@servicial.com.uy,1.05,36,ANCAP,ANCAP,Juan Zorrilla de San Martín,Ombúes de Lavalle,Colonia,
10002159,KANTA S.A. (ESTACION ANCAP),KANTA S.A. (ESTACION ANCAP),BELLONI 4643,MONTEVIDEO,MONTEVIDEO,092850505,22277312,compras-kanta@hotmail.com,1.04,250,ANCAP,ANCAP,Avenida José Belloni 4643,Montevideo,Montevideo,
10002173,LEGAMAR S.A. (ESTACION AXION),LEGAMAR S.A. (ESTACION AXION),AV. ITALIA 7548,MONTEVIDEO,MONTEVIDEO,,26004374,legamarsa@gmail.com,1.04,115,Estacion San Jorge,ANCAP,Bartolito Mitre 2553,Montevideo,Montevideo,
10002191,ESTACION UNION LTDA. (ANCAP),ESTACION UNION LTDA. (ANCAP),Br. BATLLE Y ORDOÑEZ 2901 esq. JOANICÓ,MONTEVIDEO,MONTEVIDEO,095900958,24872798,estacionunion@vera.com.uy,1.04,114,Estación sin nombre,OTRA,Avenida Doctor Francisco Soca 1151,Montevideo,Montevideo,
10002449,Disa Santa Lucia,Disa Santa Lucia,Ruta 11 y Diego Lamas,SANTA LUCÍA DEL ESTE,CANELONES,096854780,43346114,leonardoromero02@gmail.com,1.04,0,Disa,DISA,Ruta 11 José Batlle y Ordóñez,Santa Lucía,Canelones,
10002398,Ruta Doce S.A,Ruta Doce S.A,Ruta 12 km 1.5,NUEVA PALMIRA,COLONIA,098413272-091669229,45448880,minipalmira@servicial.com.uy,1.03,466,ANCAP,ANCAP,Ruta 2,,Colonia,
10002480,DEBIFOX S.A,DEBIFOX S.A (ESTACIÓN DISA ATLANTIDA),INTERBALNEARIA KM 45 CALLE 11,ATLÁNTIDA,CANELONES,097555024,43722079,debifoxsa@adinet.com.uy,1.03,217,Disa,DISA,Las Magnolias,Atlántida,Canelones,
10002813,Francolino Hnos (Estación Ancap Young),Francolino Hnos (Estación Ancap Young),Montevideo 3194,YOUNG,RÍO NEGRO,099719737,47224517,,1.03,98,ANCAP,ANCAP,Montevideo,Young,Río Negro,
10002481,Vicas S.R.L,Vicas S.R.L,Rio Negro 1566,MONTEVIDEO,MONTEVIDEO,099180420,2902 3624,ventas@vicas.com.uy,1.02,207,Servicentro Roxlo,AXION,Constituyente 1654,Montevideo,Montevideo,
10002529,Felemark S.A (ESTACION DISA),Felemark S.A (ESTACION DISA),Ruta 1 km 10.300,MONTEVIDEO,MONTEVIDEO,094481800,23180707,felemarksa@gmail.com,1.02,115,Estacion San Jorge,ANCAP,Bartolito Mitre 2553,Montevideo,Montevideo,
10001965,DIAMANTE S.A. (ESTACIÓN ANCAP),ESTACIÓN ANCAP 1,Ruta 39   esq. Luis Alberto de Herrera,SAN CARLOS,MALDONADO,,42669156,varela@estaciones.com.uy,1.02,131,ANCAP,ANCAP,Avenida Doctor Luis Alberto de Herrera,Cerro Pelado,Maldonado,
10002027,SAMMEL S.A.,SAMMEL S.A.,ARTURO LEZAMA 2061,MONTEVIDEO,MONTEVIDEO,,2929 0000,,1.01,446,El Faro,ANCAP,Rambla Wilson,Montevideo,Montevideo,
10001911,MADINSUL S.A.,ESTACIÓN DISA,Ruta 6km.33.915,CANELONES,CANELONES,099975846,22940207,madinsul@gmail.com,1.01,246,Disa,DISA,Treinta y Tres,Canelones,Canelones,
10002318,Presentti S.A (ESTACION ANCAP),Presentti S.A (ESTACION ANCAP),Camino de la Palmita ex ruta 55 km 5,CONCHILLAS,COLONIA,092434153,4570 7340,miniconchillas@servicial.com.uy,1.01,322,ANCAP,ANCAP,Camino a la Palmita,Conchillas,COLONIA,
10002605,Petitmar SA (Estacion ANCAP),Petitmar SA (Estacion ANCAP),Aparicio Saravia  991 esq. La rotonda,COLONIA,COLONIA,099522350,45226350,petitmarancap@hotmail.com,1.01,182,ANCAP,ANCAP,Avenida Aparicio Saravia 991,Colonia,Colonia,
10002273,RECA LTDA,Reca (Estación de Servicio),Calle 33 y Ruta 6 vieja,CANELONES,CANELONES,095243289,22940486,recaltda@adinet.com.uy,1.0,28,Servicentro La Plaza,AXION,José Batlle y Ordóñez 947,Canelones,Canelones,
10001927,RUTA 11 SRL (ESTACIÓN ANCAP),ESTACIÓN ANCAP RUTA 11,RUTA 11 Y AV ARTIGAS,SAN JACINTO,CANELONES,,43992658,ruta11srl2@gmail.com,0.99,215,ANCAP,ANCAP,Ruta 11 José Batlle y Ordóñez,San Jacinto,Canelones,
10002801,Estacion de la Ruta SAS (ESTACION DISA),Estacion de la Ruta SAS(ESTACION DISA),18 DE JULIO 978,MINAS,LAVALLEJA,091500711,,,0.99,200,Disa,DISA,18 de Julio 643,Minas,,
10002617,Gabeler S.A (ESTACION ANCAP),Gabeler S.A (ESTACION ANCAP),Av. Zelmar Michelini y Roosevelt,MALDONADO,MALDONADO,097187827,42271179,ancapgabeler@gmail.com,0.98,458,ANCAP,ANCAP,Avenida Franklin Delano Roosevelt,Maldonado,Maldonado,
10002771,Francolino Hnos (Estacion Ancap),Francolino Hnos (Estación Ancap),Avda. España y Juncal,PAYSANDÚ,PAYSANDÚ,099719737,47224517,,0.98,225,ANCAP,ANCAP,Avenida España,Paysandú,Paysandú,
10002165,DRESUR S.A.,DRESUR S.A. (ESTACION ANCAP SUAREZ),JOAQUIN SUAREZ  esq. RUTA 5,DURAZNO,DURAZNO,,,gerencia@dresur.com,0.97,336,ANCAP,ANCAP,Joaquín Suarez,Durazno,Durazno,
10002604,Vimpel SA (Estación Ancap),Vimpel SA (Estación Ancap),AV. PEDRAGOSA SIERRA S/N  S/N esq. ROOSVELT.,PUNTA DEL ESTE,MALDONADO,097254264,42491820,vimpelsagabrielf@gmail.com,0.97,129,ANCAP,ANCAP,Avenida Orlando Pedragosa Sierra,Punta del Este,Maldonado,
10001922,Mec ltda. (Estación Ancap),Estación Ancap (Mec ltda.),Avenida Artigas  esq. República Argentina,LAS PIEDRAS,CANELONES,,099278705,mecancapltda@gmail.com,0.96,218,ANCAP,ANCAP,Avenida General Artigas,Las Piedras,Canelones,
10002021,AGROCENTRO CASUPA S.R.L.,AGROCENTRO CASUPA S.R.L.,ASAMBLEA 998,CASUPÁ,FLORIDA,,099351246,agrocentrocasupasrl@hotmail.com,0.96,210,ANCAP,ANCAP,Avenida Asamblea de la Florida,Casupá,Florida,
10002116,ALERO AZUL (ESTACIÓN ANCAP),ALERO AZUL (ESTACIÓN ANCAP),INES DURAN  esq. NAVEA,TRINIDAD,FLORES,,43642746,proveedores@aleroazul.com,0.96,96,ANCAP,ANCAP,Inés Durán 1061,Trinidad,Flores,
10002696,Marimar S.A (Cebollati),Marimar S.A (Cebollati),San Miguel s/n,CEBOLLATÍ,ROCHA,094964973,44599135,eess.cebollati@marimar.com.uy,0.96,395,ANCAP,ANCAP,San Miguel,Cebollatí,Rocha,
10002402,Automovil Club del Uruguay,Automovil Club del Uruguay,Colonia  1291 esq. Yi,MONTEVIDEO,MONTEVIDEO,099667193,,dgallino@acu.com.uy,0.96,434,ANCAP,ANCAP,Colonia 1291,Montevideo,Montevideo,
10002235,Chelato Montevideo SRL,Chelato Montevideo SRL,Av. Perez Butler M249 /S2,CIUDAD DE LA COSTA,CANELONES,097759970,,info.chelato@gmail.com,0.95,110,Servicentro Solymar,AXION,Avenida Ingeniero Luis Giannattasio Km 23.300,Ciudad de la Costa,Canelones,
10002526,S.T.I LTDA (ESTACION ANCAP),S.T.I LTDA (ESTACION ANCAP),Calle 20 y 30,PUNTA DEL ESTE,MALDONADO,095047947,4244 7046,administracion@ancapsti.com,0.95,66,ANCAP,ANCAP,El Remanso (Calle 20),Punta del Este,Maldonado,
10001921,CODALUR S.A. (ESTACIÓN DISA),ESTACION DISA (CODALUR),Ruta 11  esq. Ruta 7,SAN JACINTO,CANELONES,,43992880,disasanjacinto@gmail.com,0.94,299,Disa,DISA,Ruta 11 José Batlle y Ordóñez,San Jacinto,Canelones,
10001978,Dinex S.R.L. (ESTACIÓN ANCAP),Dinex S.R.L. (ESTACIÓN ANCAP),Rambla Costanera y Lavalleja,CIUDAD DE LA COSTA,CANELONES,,099913137,faancap@gmail.com,0.94,241,ANCAP,ANCAP,Rambla General Liber Seregni,Ciudad de la Costa,Canelones,
10002125,BISDUR S.A. (ESTACION AXION),BISDUR S.A. (ESTACION AXION),LUIS BATLLE BERRES  esq. ARTIGAS,DURAZNO,DURAZNO,092409870,,gerencia@bisdur.com,0.94,335,Axion,AXION,Avenida General José Artigas,Durazno,Durazno,
10002357,DAMIMAR LTDA.,DAMIMAR LTDA. (Estacion Ancap),Av Artigas y ruta 1,COLONIA VALDENSE,COLONIA,4558-8824,,ancapvaldense@gmail.com,0.94,185,ANCAP,ANCAP,Avenida General Artigas 1084,Colonia Valdense,Colonia,
10002581,NOVERTIL S.A (ANCAP SOLANAS),NOVERTIL S.A (ANCAP SOLANAS),Ruta 93 km 118.200,MALDONADO,MALDONADO,098534173,4257 8990,pgarcia@ancapsolanas.com.uy,0.94,363,ANCAP,ANCAP,Ruta 39,Maldonado,Maldonado,
10002585,Galaxor S.A (Estacion ANCAP),Galaxor S.A (Estacion ANCAP),Ruta 1 km 50300,LIBERTAD,SAN JOSÉ,094372345,43455309,ancaplibertad@gmail.com,0.94,140,ANCAP,ANCAP,Ruta 1 Brigadier General Manuel Oribe Km 50.300,Libertad,San José,
10001945,Mans S.R.L,Mans S.R.L (Estación Ancap),Ruta 6 km 62200,CANELONES,CANELONES,,99979453,,0.93,440,ANCAP,ANCAP,Ruta 11 José Batlle y Ordóñez Km 102.300,Canelones,Canelones,
10002172,DRESUR S.A.,DRESUR S.A. (ESTACIÓN ANCAP 19 DE ABRIL),19 DE ABRIL  esq. BALTAZAR BRUM,DURAZNO,DURAZNO,,,proveedores@dresur.com,0.93,365,Disa,DISA,Ruta 5 Brigadier General Fructuoso Rivera,Durazno,,
10002321,TURAGRO S.R.L (ESTACION DISA),TURAGRO S.R.L (ESTACION DISA),Ruta 9 km 106.500,PAN DE AZÚCAR,MALDONADO,098526238,44349082,baytur@vera.com.uy,0.93,86,Disa,DISA,Ruta 9 Coronel Leonardo Olivera Km 106.500,Pan de Azúcar,Maldonado,
10002000,Fontes y Bentancor SAS (Estación Disa),Estación Disa (Fontes y Bentancor),Avda. Batlle y Ordóñez  esq. Dr. Espinosa,SAN RAMÓN,CANELONES,,099703515,petrobrassanramon@gmail.com,0.92,286,Estación San Antonio,AXION,Avenida General Eugenio Garzón 425,Montevideo,,
10002158,BRACORAL S.A. (ESTACION ANCAP) (INTERIOR),BRACORAL S.A. (ESTACION ANCAP) (INTERIOR),GIANATASSIO KM 28.500,CIUDAD DE LA COSTA,CANELONES,092850505,26983853,bracoralproveedores@gmail.com,0.92,51,ANCAP,ANCAP,Avenida Ingeniero Luis Giannattasio Km 28.500,Ciudad de la Costa,Canelones,
10002192,FERRECAR CANELONES LTDA. (ESTACION ANCAP),FERRECAR CANELONES LTDA. (ESTACION ANCAP),APARICIO SARAVIA  101 esq. ROSA GIFFUNI,CANELONES,CANELONES,098122623,43322569,ferrecar@adinet.com.uy,0.92,288,ANCAP,ANCAP,General Aparicio Saravia 101,Canelones,Canelones,
10002363,MODADOL SRL,MODADOL SRL (ESTACIÓN AXIÓN),RUTA 8 C RUTA 74 S/N,BARROS BLANCOS,CANELONES,,22883992,marceabl@hotmail.com,0.92,34,Servicentro Barros Blancos,AXION,Ruta 8 Km 24.200,Barros Blancos,Canelones,
10002599,Jugueteria Pinamar SRL,Jugueteria Pinamar SRL,Ruta Gral. Liber Seregni km 36.200,PINAMAR,CANELONES,097530095,,jugueteriarecreopinamar@gmail.com,0.92,2,ANCAP,ANCAP,Ruta Interbalnearia General Líber Seregni Km 36.200,Pinamar,Canelones,
10002619,Dafinet S.A (Estación ANCAP),Dafinet S.A (Estación ANCAP),Ruta 8 km 41500,CANELONES,CANELONES,094433936,22956476,ancappiedradeltoro@gmail.com,0.92,440,ANCAP,ANCAP,Ruta 11 José Batlle y Ordóñez Km 102.300,Canelones,Canelones,
10002635,Marimar S.A (VELAZQUEZ),Marimar S.A (VELAZQUEZ),Gral. Artigas s/n,VELÁZQUEZ,ROCHA,094964973,44577006,,0.92,397,ANCAP,ANCAP,General Artigas,Velázquez,Rocha,
10001908,Oterol S.A.,ESTACIÓN SARANDÍ GRANDE,Ruta 5 Km 139.500,25 DE AGOSTO,FLORIDA,,43549143,amassiu@gmail.com,0.91,286,Estación San Antonio,AXION,Avenida General Eugenio Garzón 425,Montevideo,,
10002356,Hugo Santos ltda,Hugo Santos (Estacion Ancap),Tomas Berreta S/N  esq. Guzman Azuaga,TALA,CANELONES,098884707,43152014,hugosantosltda@gmail.com,0.9,307,ANCAP,ANCAP,Presidente Tomás Berreta,Tala,Canelones,
10002614,MIVIDAL S.A.(ESTACION ANCAP),MIVIDAL S.A.(ESTACION ANCAP),Ruta 8 km 285,TREINTA Y TRES,TREINTA Y TRES,099106961,44526558,cuentacorrientes@gmail.com,0.9,203,ANCAP,ANCAP,Ruta 8 Brigadier General Juan Antonio Lavalleja Km 285,Treinta y Tres,Treinta y Tres,
10002616,AUTOPRO S.A. (ESTACION AXION),AUTOPRO S.A. (ESTACION AXION),Av Giannattasio Km 20.200,SAN JOSÉ DE CARRASCO,CANELONES,094442603,2682 7868,axionautopro@gmail.com,0.9,189,Servicentro Ciudad de la Costa,AXION,Avenida Ingeniero Luis Giannattasio Km 20.200,Ciudad de la Costa,Canelones,
10002343,Blanqueo S.A,Blanqueo S.A Centro- Estacion de servicio,Gral A. Saravia C/J. Cardozo 751,FLORIDA,FLORIDA,097555115,43527623,admproveedores@gpuruguay.com,0.89,55,ANCAP,ANCAP,Ruta 5 Brigadier General Fructuoso Rivera Km 95.500,Florida,Florida,
10002267,MOUNTLINE SRL,Mountline,Ruta interbalnearia km 48,LAS TOSCAS,CANELONES,099 876 631,,ancaplastoscas@hotmail.com,0.89,186,ANCAP,ANCAP,Ruta Interbalnearia General Líber Seregni Km 48,Las Toscas,Canelones,
10002268,Servicar Cardona srl,Servicar Cardona,Constante Mendiondo s/n esq. a 50m de Bulevar,CARDONA,SORIANO,,43722627,proveedorescardona@servicar.com.uy,0.89,479,Servicial,ANCAP,Ruta 2 Grito de Asencio,Florencio Sánchez,,
10002325,Trebol Azul S.A (ESTACION DISA),Trebol Azul S.A (ESTACION DISA),Abril al Parque y calle 3 s/n,CIUDAD DE LA COSTA,CANELONES,,099552606,trebolazulcuentacorriente@gmail.com,0.89,450,Disa,DISA,Avenida al Parque,Ciudad de la Costa,Canelones,
10002107,CARLOS STARY Y CIA. (ESTACIÓN ANCAP),CARLOS STARY Y CIA. (ESTACIÓN ANCAP),RUTA 5 KM. 36.200,CANELONES,CANELONES,,43359323,ancapjuanico@gmail.com,0.88,34,Servicentro Barros Blancos,AXION,Ruta 8 Km 24.200,Barros Blancos,Canelones,
10002394,Gasolinera Cortinas S.R.L,Gasolinera Cortinas S.R.L,Gral Jose Artigas s/n,ISMAEL CORTINAS,FLORES,091669229,45392037,proveedorescortinas@servicial.com.uy,0.88,346,ANCAP,ANCAP,Avenida Artigas,Ismael Cortinas,Flores,
10002533,Botirel S.A (DISA PANDO),Botirel S.A (DISA PANDO),Ruta 8 km 29.500,PANDO,CANELONES,099640303,2288 2088,estaciones.comercial@gmail.com,0.88,34,Servicentro Barros Blancos,AXION,Ruta 8 Km 24.200,Barros Blancos,Canelones,
10002138,ROCCA Y CIA S.A. (ESTACION ANCAP) (INTERIOR),ROCCA Y CIA S.A. (ESTACION ANCAP) (INTERIOR),18 DE JULIO  esq. DE LOS SANTOS,ROCHA,ROCHA,,44722425,ariviezzi@gpuruguay.com,0.87,71,ANCAP,ANCAP,18 de Julio,Rocha,Rocha,
10002346,Misurol 2,Misurol 2 (estacion Disa Playa Pascual),Ruta 1 Km. 31.700,PLAYA PASCUAL,SAN JOSÉ,098405678,2208 8632/2200.99.20,ms.alejandra.diaz@disagrupo.uy,0.87,411,Disa,DISA,Ruta 1 Vieja Km 51.500,Libertad,San José,
10002497,Marimar (Estación Ancap Bella Union),Marimar (Estación Ancap Bella Union),Ruta 3 km 623,BELLA UNIÓN,ARTIGAS,,47792758,dmartinez.tt@marimar.com.uy,0.87,238,ANCAP,ANCAP,Ruta 30 Km 20,Tomás Gomensoro,Artigas,
10002442,COSDONY S.A. (ESTACION DE SERVICIO),ESSO RUTA,PANCHO LOPEZ  905 esq. RUTA 57,TRINIDAD,FLORES,,43647300,essorutatrinidad@adinet.com.uy,0.86,459,Axion,AXION,Pancho López,Trinidad,Flores,
10002111,BOSQUE ALTO S.A. (ESTACION ANCAP),BOSQUE ALTO S.A. (ESTACION ANCAP),RUTA 2 Km.298  esq. RUTA 24,FRAY BENTOS,RÍO NEGRO,,45602805,bosquealto@adinet.com.uy,0.86,17,ANCAP,ANCAP,Ruta 2 Grito de Asencio,Fray Bentos,,
10002271,CUFRECITO LTDA,Cufrecito,Ruta 52 km. 141.500,COLONIA,COLONIA,45502200,45502200,proveedorescufre@servical.com.uy,0.86,321,Axion,AXION,Ruta 21 Km 222.500,Radial Hernández,Colonia,
10002569,Voyager Ltda- (Estacion Disa),Voyager Ltda- (Estacion Disa),Ruta 5 km 43,CANELONES,CANELONES,099945767,23326184,disacanelones@gmail.com,0.86,113,Lostaunau,ANCAP,Ruta 8 Brigadier General Juan Antonio Lavalleja Km 41.500,Canelones,Canelones,
10002588,Agencia Pinamar S.A (ESTACION ANCAP),Agencia Pinamar S.A (ESTACION ANCAP),esq. Ruta Interbalnearia km 36200,EL PINAR,CANELONES,097889569,43767035,compraspinamar@gmail.com,0.86,471,ANCAP,ANCAP,Ruta Interbalnearia km 24,Ciudad de la Costa,,
903557,SINTEL S.A. (ESTACIÓN ANCAP)(INTERIOR),SINTEL S.A. (ESTACIÓN ANCAP) Florida,RUTA 5 Y 56 KM 98.500 (envio CD).-,FLORIDA,FLORIDA,097555121,,recepcionsintel@gpuruguay.com,0.85,286,Estación San Antonio,AXION,Avenida General Eugenio Garzón 425,Montevideo,,
10001971,Eliana Navarro González,Eliana Navarro González,F. Viera,MIGUES,CANELONES,099238091,43172385,eliananavarrogonzalez@gmail.com,0.85,247,Disa,DISA,Feliciano Viera,Migues,Canelones,
10002115,HASFELY S.A. (ESTACIÓN ANCAP),HASFELY S.A. (ESTACIÓN ANCAP),RUTA 3 KM 190,TRINIDAD,FLORES,,43642290,adminstracion@ancap.urf.com.uy,0.84,96,ANCAP,ANCAP,Inés Durán 1061,Trinidad,Flores,
10002147,ESTACION LAGOMAR LTDA. (ANCAP)(INTERIOR),ESTACION LAGOMAR LTDA. (ANCAP)(INTERIOR),GIANNATTASIO KM.21 esq. BUENOS AIRES,CIUDAD DE LA COSTA,CANELONES,,26822002,lucia@estacionlagomar.com,0.84,5,ANCAP,ANCAP,Avenida Ingeniero Luis Giannattasio Km 21,Ciudad de la Costa,Canelones,
10002344,Sintel S.A (Mendoza),Sintel S.A (Mendoza) Estacion Ancap,Ruta 5 km 74300,MENDOZA,FLORIDA,097555121,43395024,,0.84,352,ANCAP,ANCAP,Ruta 5 Brigadier General Fructuoso Rivera Km 74,Mendoza,Florida,
10002342,Blanqueo S.A - Ruta-,Blanqueo S.A - Ruta- Estacion de servicio,Ruta 5 Esq. José Pedro Varela,FLORIDA,FLORIDA,097555115,,admproveedores@gpuruguay.com,0.83,55,ANCAP,ANCAP,Ruta 5 Brigadier General Fructuoso Rivera Km 95.500,Florida,Florida,
10002589,PETROSUR SAN JOSÉ S.R.L (DISA),PETROSUR SAN JOSÉ S.R.L (DISA),Ruta 3 Km 90.500 Esq. Aparicio Saravia,SAN JOSÉ,SAN JOSÉ,091042169,2342 3909,,0.83,407,Disa,DISA,Ruta 3 General José Gervasio Artigas Km 90.500,San José,San José,
10002315,Dantirol S.A (ESTACION DISA),Dantirol S.A (ESTACION DISA),AVENIDA RBLA.WILLIMAN PARADA 16  esq. PLAYA MANSA,PUNTA DEL ESTE,MALDONADO,099622454,4249 0950,dantirolsa@gmail.com,0.83,129,ANCAP,ANCAP,Avenida Orlando Pedragosa Sierra,Punta del Este,Maldonado,
10002414,Texoil SA (ESTACION ANCAP),Texoil SA (ESTACION ANCAP),Cmno.Vecinal y Calle 2 - Villa Delia.,CERRO PELADO,MALDONADO,094276315,42244871,ancapcerropelado@gmail.com,0.83,131,ANCAP,ANCAP,Avenida Doctor Luis Alberto de Herrera,Cerro Pelado,Maldonado,
10002416,Distancia S.A (Estación Ancap),Distancia S.A (Estación Ancap),Ruta 5 Km. 388,TACUAREMBÓ,TACUAREMBÓ,099830310,4632 3079,laura.estamerica@hotmail.com,0.83,193,ANCAP,ANCAP,Avenida Pablo G. Ríos,Tacuarembó,Tacuarembó,
10002056,VANDEY S.A. (ESTACIÓN AXION),VANDEY S.A. (ESTACIÓN AXION),Dr. POUEY  esq. COLMAN,LAS PIEDRAS,CANELONES,092356173,,estacionelmolino@hotmail.com,0.82,286,Estación San Antonio,AXION,Avenida General Eugenio Garzón 425,Montevideo,,
10001961,TACHI LTDA. (ESTACION ANCAP),TACHI LTDA. (ESTACION ANCAP),Ruta 7 km 96.500,FRAY MARCOS,FLORIDA,,43117217,tachiltda@hotmail.com,0.82,351,ANCAP,ANCAP,Cyro Giambruno 74,Fray Marcos,Florida,
10001977,Rubén Alejandro Sarett Mesa (Estación Ancap),ESTACIÓN ANCAP Rubén A. Sarett Mesa,Ruta 1 km. 177.3 Puerto,COLONIA DEL SACRAMENTO,COLONIA,,099574080,estacionancapcolonia@hotmail.com,0.82,466,ANCAP,ANCAP,Ruta 2,,Colonia,
10002120,SUNDEC S.A. (ESTACIÓN DISA),SUNDEC S.A. (ESTACIÓN DISA),AV.RIVAS COSTAS  esq. ENRIQUE RODÓ,LIBERTAD,SAN JOSÉ,092237806,43452221,estacionsundec@adinet.com.uy,0.82,286,Estación San Antonio,AXION,Avenida General Eugenio Garzón 425,Montevideo,,
10002124,XIVILLER HNOS. LTDA. (ESTACION ANCAP),XIVILLER HNOS. LTDA. (ESTACION ANCAP),Sarandi  508,TRINIDAD,FLORES,091454705,,administracion3@xiviller.com,0.82,96,ANCAP,ANCAP,Inés Durán 1061,Trinidad,Flores,
10002463,Sarandí Grande LTDA,Sarandí Grande LTDA,Artigas 705,FLORIDA,FLORIDA,099781329,43549063,sarandigrandeltda@hotmail.com,0.82,355,ANCAP,ANCAP,Avenida Artigas 705,Sarandí Grande,Florida,
10002542,Fuerza Oriental ( Estación Disa),Fuerza Oriental ( Estación Disa),Ruta 3 km 310.500,YOUNG,RÍO NEGRO,091950306,45673219,lgonzalez@grupovittori.com.uy,0.82,384,Disa,DISA,Ruta 3 General José Gervasio Artigas Km 311,Young,Río Negro,
10002341,ROCCA Y CIA S.A. (ESTACION ANCAP) Ruta,ROCCA Y CIA S.A. (ESTACION ANCAP) Ruta,Ruta 9 km 206.400,ROCHA,ROCHA,,44722425,,0.8,61,ANCAP,ANCAP,Ruta 9 Coronel Leonardo Olivera,Rocha,Rocha,
10002144,ULBINDAR S.A. (ESTACIÓ AXION) (INTERIOR),ULBINDAR S.A. (ESTACIÓ AXION) (INTERIOR),RUTA 12  esq. 25 DE AGOSTO,COLONIA,COLONIA,092704605,45369426,administracion2@ulbindar.com,0.79,184,Axion,AXION,Avenida General Artigas,Colonia Valdense,Colonia,
10002615,ELANET S.A (ESTACION AXION),ELANET S.A (ESTACION AXION),RUTA 101 Y CALCAGNO,SAN JOSÉ DE CARRASCO,CANELONES,094442603,26828899,axionelanet@outlook.com,0.79,99,ANCAP,ANCAP,Ruta 11 José Batlle y Ordóñez Km 92,San José,,
10002539,Pilemur S.A (Estacion de Disa),Pilemur S.A (Estacion de Disa),Luis Batlle Berres  963,PAYSANDÚ,PAYSANDÚ,098229707,47223650,,0.78,224,Disa,DISA,Avenida España 1553,Paysandú,Paysandú,
10002633,Marimar S.A (ESTACIÓN MELO),Marimar S.A (ESTACIÓN MELO),Ejido y 18 de Julio,MELO,CERRO LARGO,094964973,4642 3880,,0.78,205,Axion,AXION,Avenida de las Américas 850,Melo,,
10002527,S.T.I LTDA (ESTACION ANCAP- ROOSEVELT),S.T.I LTDA (ESTACION ANCAP- ROOSEVELT),Roosevelt y Naciones Unidas,PUNTA DEL ESTE,MALDONADO,095047947,4249 6952 / 6953,adminsitracion@ancapsti.com,0.78,124,ANCAP,ANCAP,Avenida Franklin Delano Roosevelt,Punta del Este,Maldonado,
10002269,ROBLE FUERTE SA,Roble Fuerte,Ruta 2 km. 129.5,ROSARIO,COLONIA,,45522819,proveedoresrosario@servicial.com.uy,0.77,466,ANCAP,ANCAP,Ruta 2,,Colonia,
10002348,Nazca Caru SAS,Nazca Caru SAS,Jose pedro Varela s/n,JOAQUÍN SUAREZ,CANELONES,095912952,22970564,rofiem13@gmail.com,0.76,295,ANCAP,ANCAP,José Artigas,La Paz,Canelones,
10002537,Misurol 4 (Estacion Disa),Misurol 4 (Estacion Disa Punta del Este),Ruta 10 KM 131  esq. Parada 46,PUNTA BALLENA,MALDONADO,099915318,42247013,mauricio.sanmartin@misurol.com.uy,0.74,442,ANCAP,ANCAP,Ruta Interbalnearia General Líber Seregni,Punta Ballena,Maldonado,
10002408,ROCCA Y CIA S.A.,ROCCA Y CIA S.A. (Solis de Mataojo),Ruta 8 km 81,SOLÍS DE MATAOJO,LAVALLEJA,097 349 789,44474081,diegoherederogp@uruguay.com,0.72,479,Servicial,ANCAP,Ruta 2 Grito de Asencio,Florencio Sánchez,,
10002340,Blanqueo S.A -Durazno-Estacion Disa,Blanqueo S.A -Durazno-Estacion Disa,"Paulina Laredo 1112 Esq. Ruta 5 Km 182,300",DURAZNO,DURAZNO,097555115,4362 5288,admproveedores@gpuruguay.com,0.71,335,Axion,AXION,Avenida General José Artigas,Durazno,Durazno,
